able,search,0.6146308551779831
powerful,golden,0.6183106998842777
big,claws,0.6183106998842777
release,wandering,0.6183106998842777
arrows,earth,0.6183106998842777
sun,justice,0.6031719216286194
hut,meanwhile,0.6183106998842777
course,earth,0.6183106998842777
intention,earth,0.6183106998842777
winnowing,claws,0.6183106998842777
enjoy,answered,0.6183106998842777
full,ears,0.5564569154938772
grotto,returned,0.6031719216286194
wind,earth,0.6183106998842777
rage,ears,0.5564569154938772
empty,returned,0.5893286654435306
hair,jeweled,0.6183106998842777
last,search,0.6146308551779831
none,hills,0.5005372332396534
kabandha,wandering,0.5939839172483501
run,ground,0.6118709716482622
come,come,0.6183106998842777
ogre,amorous,0.6183106998842777
summits,earth,0.6183106998842777
recovery,helpful,0.3238770332727169
afraid,beloved,0.6183106998842777
lament,bitter,0.6080704612916055
help,cries,0.5896380318247956
steals,justice,0.5299805999008095
vain,seek,0.47788194817932717
avenge,fabulous,0.6624358429405235
old,along,0.6625070852164735
wife,exquisite,0.863450383530088
yet,lakshmana,0.5713317532403872
cooks,answered,0.6183106998842777
righteousness,righteousness,0.5594239665619656
occurred,come,0.5981256622100668
search,search,0.6035913210590995
justice,justice,0.5594239665619656
dasharathas,along,0.5593904095278179
golden,golden,0.6183106998842777
truth,righteousness,0.5594239665619656
had,demons,0.7893591329171831
along,along,0.6183106998842777
animals,hills,0.5005372332396534
exquisite,exquisite,0.6183106998842777
world,earth,0.6183106998842777
monster,wandering,0.6183106998842777
darkness,earth,0.6183106998842777
fill,earth,0.6183106998842777
ogre falls,hideous,0.6183106998842777
whole,earth,0.6183106998842777
shows,marvels,0.6183106998842777
upraised,tears,0.6107413107564486
mountains,earth,0.6183106998842777
destroying,earth,0.6183106998842777
promises,monsters,0.4548118947231691
reviles,reviles,0.5466290297355724
coaxing,words,0.6183106998842777
indignantly,answered,0.6183106998842777
words,words,0.6183106998842777
innocence,justice,0.5594239665619656
destroy,earth,0.6183106998842777
uproot,earth,0.6183106998842777
answered,answered,0.7896472467624068
lust,golden,0.6183106998842777
south,wandering,0.6183106998842777
ruins,fell,0.6168387620017599
viradha,giant,0.5210035693405675
asked,demons,0.6653442617723916
ocean,fabulous,0.6183106998842777
pieces,answered,0.6183106998842777
ears,ears,0.5005372332396534
catches,catches,0.6183106998842777
sight,justice,0.5956025325007904
tigers,ground,0.6054312434122469
seek,seek,0.47788194817932717
parting,golden,0.6183106998842777
lotuses,beloved,0.6031719216286194
raises,raises,0.6183106998842777
describes,marvels,0.6292094647357384
incites,exquisite,0.6183106998842777
married,lakshmana,0.5713317532403872
helpful,helpful,0.4236964387968572
faith,answered,0.6183106998842777
give,earth,0.6183106998842777
dont,beloved,0.5776946447123452
time,demons,0.6815974124178811
curse,wandering,0.6123372273718856
branches,beloved,0.5978312737344383
left,returned,0.6031719216286194
ravanas,fell,0.5555018444051526
carried,shut,0.5457381327918073
suns,earth,0.6183106998842777
abducting,golden,0.6183106998842777
vulture,come,0.7145316529340983
gain,exquisite,0.6183106998842777
vainly,raises,0.6183106998842777
comes,along,0.6183106998842777
annihilate,earth,0.6183106998842777
monsters,monsters,0.5274780303503285
away,cries,0.606669597698809
fell,fell,0.6352854442562692
news,hills,0.3827637665950291
like,sky,0.6107413107564486
air,jeweled,0.6183106998842777
palace,marvels,0.6183106998842777
baskets,claws,0.6183106998842777
searching,raises,0.6183106998842777
nose,ears,0.5005372332396534
advises,helpful,0.5005372332396534
forest- hermits,demons,0.7163467122908698
brother,fabulous,0.7506861290530152
middle,come,0.6183106998842777
frightful,fabulous,0.6330190809030263
fall,jeweled,0.6183106998842777
find,returned,0.6031719216286194
warned,answered,0.6100531844721006
encounter,wandering,0.6627203705226564
magical,golden,0.6183106998842777
seem,beloved,0.6063637548594935
rivers,hills,0.5005372332396534
gain,possession,0.6183106998842777
succeeds,golden,0.6183106998842777
raving,search,0.6097243955695905
falls,amorous,0.6130975040744836
peaks,sky,0.6107413107564486
demons,demons,0.6653442617723916
calm,search,0.6121776253737867
earth,earth,0.6183106998842777
radiance,justice,0.6107413107564486
engaged,monsters,0.6001441659774879
horror,raises,0.6183106998842777
immeasurable,marvels,0.6183106998842777
fashion,answered,0.6183106998842777
heads,beloved,0.6003902823471013
flies,catches,0.6183106998842777
would,answered,0.607351787255313
finally,overcome,0.6003902823471013
ground,ground,0.6155508163545568
flying,jeweled,0.7115710082248732
moan,sky,0.6031719216286194
lakes,earth,0.6183106998842777
lions,ground,0.6045112822356732
fears,earth,0.6183106998842777
continue,search,0.606044550863296
raging,ground,0.6127909328248359
bands,jeweled,0.6183106998842777
dry,earth,0.6183106998842777
first,giant,0.32638930825314694
long,demons,0.6183106998842777
scornfully,reviles,0.5944168098347093
cries,cries,0.5753016977950546
twelve,answered,0.6183106998842777
lament,raises,0.6080704612916055
beasts,ground,0.6081911269419678
yield,answered,0.6183106998842777
fabulous,fabulous,0.6227303384174973
khara,slays,0.5397996305353713
appeared,sky,0.6107413107564486
races,golden,0.6183106998842777
envelop,earth,0.6183106998842777
slip,jeweled,0.6183106998842777
protection,demons,0.7486590681170009
bitter,raises,0.6183106998842777
faces,sky,0.5956025325007904
within,answered,0.6183106998842777
gain possession,terms,0.6183106998842777
breakfast,answered,0.6183106998842777
marichas,golden,0.6029464161142182
conducts,marvels,0.6183106998842777
howling,slays,0.304266422488652
sita,earth,0.5958729958011186
battles,monsters,0.581977632070698
signs,fell,0.6109510104716886
hut empty,meanwhile,0.6183106998842777
months,answered,0.6183106998842777
returned,returned,0.6031719216286194
lanka,shut,0.4342663843019949
become,words,0.6183106998842777
ogresses,returned,0.6123372273718856
beauty,exquisite,0.6183106998842777
swallow,ears,0.40182245451787635
across,shut,0.7115710082248732
land,fabulous,0.6669267237496931
overcome,overcome,0.6183106998842777
demon catches,flies,0.6183106998842777
possession,exquisite,0.6183106998842777
weapons,fell,0.6131589172954653
shurpanakha,claws,0.4178875803574143
embrace,answered,0.6183106998842777
slays,slays,0.0
trees,beloved,0.7737083298058992
wandering,wandering,0.6183106998842777
rays,earth,0.6183106998842777
sky,sky,0.6107413107564486
struggle,fell,0.6087431036479118
eat,answered,0.6183106998842777
shut,shut,0.6183106998842777
beyond,fabulous,0.6227303384174973
ally,helpful,0.4416504999173412
tried,words,0.6626566296644992
meanwhile,returned,0.6123372273718856
incessantly,monsters,0.6001441659774879
questions,hills,0.3827637665950291
brothers,wandering,0.6079795705556745
behind,ground,0.6137108940014095
allowing,answered,0.6183106998842777
cut,answered,0.6100531844721006
terms,exquisite,0.6183106998842777
falling,jeweled,0.6183106998842777
tears,sky,0.6123372273718856
sugriva,helpful,0.4236964387968572
declares,earth,0.6183106998842777
mourning,beloved,0.6003902823471013
make,exquisite,0.6183106998842777
hut,returned,0.6183106998842777
forest,raises,0.7417398978796446
relates,come,0.6183106998842777
beloved,beloved,0.6183106998842777
dying,come,0.6183106998842777
chariot,golden,0.6183106998842777
enraged,answered,0.6183106998842777
claws,claws,0.6738227881822512
propelled,golden,0.5987779258662564
gain possession,exquisite,0.6183106998842777
aid,golden,0.6183106998842777
roaring,wandering,0.6183106998842777
giant,giant,0.5210035693405675
droop,beloved,0.5956025325007904
passed,fell,0.6352854442562692
refers,lakshmana,0.45702694204969085
dies,come,0.6183106998842777
guard,returned,0.5944168098347093
imprisoned,returned,0.5880331433729613
ogre falls,amorous,0.6183106998842777
demon,catches,0.6349643263736697
toward,wandering,0.6183106998842777
stay,earth,0.6183106998842777
rules,marvels,0.6183106998842777
rustling,beloved,0.5944168098347093
marches,slays,0.5397996305353713
jeweled,jeweled,0.6183106998842777
hut empty,returned,0.6183106998842777
even,sky,0.6003902823471013
hurl,earth,0.6183106998842777
feet,jeweled,0.6111425328694071
never,answered,0.6183106998842777
beseeching,sky,0.6031719216286194
borne,jeweled,0.6183106998842777
flees,fabulous,0.6183106998842777
killed,earth,1.0
pale,justice,0.6107413107564486
manages,overcome,0.6602853559686487
story,come,0.6183106998842777
hills,hills,0.5005372332396534
hands,sky,0.5956025325007904
righteousness,justice,0.5594239665619656
loudly,cries,0.5896380318247956
delirium,earth,0.6183106998842777
hideous,amorous,0.6130975040744836
gods,earth,0.6183106998842777
shadow,ground,0.6155508163545568
riches,marvels,0.6183106998842777
truth,justice,0.5594239665619656
love,amorous,0.6026711124548954
harem,shut,0.6183106998842777
anger,golden,0.6183106998842777
ogre,hideous,0.6183106998842777
headless,wandering,0.6183106998842777
dimmed,justice,0.6107413107564486
lived,demons,0.6838949395033359
ravana,fabulous,0.5846497253462071
break,answered,0.6183106998842777
call,beloved,0.6063637548594935
dandaka,demons,0.5518480641483882
strict,returned,0.5888673332231216
hermits,demons,0.6384679406934693
round,marvels,0.6183106998842777
heavy,wandering,0.6183106998842777
lamenting,justice,0.5350474194781576
ornaments,fell,0.6168387620017599
upraised,sky,0.6107413107564486
gratitude,helpful,0.5005372332396534
persuade,words,0.6183106998842777
demon catches,catches,0.6183106998842777
exiles,demons,0.6325647359703531
deception,golden,0.6183106998842777
living,golden,0.6954432857298829
proposals,amorous,0.6003902823471013
amorous,amorous,0.6093504911156895
describes,rules,0.6292094647357384
protectors,golden,0.6183106998842777
friend,golden,0.6295473367286529
splendors,marvels,0.6183106998842777
jatayus,come,0.5857944468285463
cuts,ears,0.4416504999173412
flowers,fell,0.6352854442562692
even,earth,0.6183106998842777
rejects,reviles,0.5944168098347093
another,answered,0.6183106998842777
upon,fell,0.6352854442562692
lakshmana,lakshmana,0.36186313794432284
makes,amorous,0.6093504911156895
grew,justice,0.6107413107564486
cascading,sky,0.6123372273718856
marichi,golden,0.5892240637213445
back,earth,0.6183106998842777
bears,cries,0.606669597698809
important,claws,0.6183106998842777
smash,overcome,0.6183106998842777
marvels,marvels,0.6183106998842777
fallen,fabulous,0.6492481696168148
ascetic,golden,0.6183106998842777
describing,find,0.3781886300807062
father,either,0.34279373065317453
court,mothers,0.3437776512150987
felt,felt,0.337719234926858
climbs,tree,0.3185340750662657
requests,throne,0.3949025341011442
informed,mothers,0.3437776512150987
queen kaikeyi,bring,0.3437776512150987
spend,either,0.3487828845046416
grief,committed,0.4319643322302748
days,banishment,0.3400046730238273
refuses,right,0.3336802207555655
either,either,0.3514269515063495
firm,woman,0.4061610390656378
halts,halts,0.0
highest,mother,0.3437776512150987
dasharathas,mothers,0.3340247639866261
age,felt,0.3438527019271836
scruples,heretic,0.3246788928142599
secure,ascend,0.3437776512150987
entreaties,entreaties,0.2673826176117434
eloquent speech,woman,0.3437776512150987
uncertain,accepted,0.3281513943416851
uneasy,banishment,0.3437776512150987
fail change,arguments,0.3437776512150987
obediently,mothers,0.3437776512150987
comforts,reign,0.3988352174000707
end,ascend,0.3437776512150987
reclaim,must,0.35540125313022175
dissuaded,brother,0.32864024391851643
vain,mother,0.3437776512150987
husband,must,0.3466835516938795
banishment,banishment,0.3400046730238273
reproaches,kaikeyi,0.3437776512150987
beauties,find,0.3754357517714576
years,either,0.42135876720301385
pious,arguments,0.3192221046997345
king,stripped,0.3437776512150987
wife,mothers,0.3416653490794273
bark,stripped,0.3437776512150987
die,committed,0.3437776512150987
priest,arguments,0.3192221046997345
dispel,heretic,0.3259215060984036
alone,clothed,0.36934009265812145
man,committed,0.34168650360870495
mistress,maid,0.40447083756083757
therefore,ascend,0.3437776512150987
consult,ascend,0.3437776512150987
hunchbacked,maid,0.3437776512150987
resolve,entreaties,0.31434380369396653
begin,reign,0.3896589563692421
place,maid,0.3261704196558322
hills,find,0.3373595948287129
urges,maid,0.3411365664812087
mind,arguments,0.2946665581843703
make,felt,0.3861032685768583
dasharathas,dasharathas,0.3340247639866261
blind father,blind,0.3437776512150987
wishes,yet,0.3437776512150987
duties,woman,0.3988352174000707
beyond,ascend,0.32821162883563715
mother,mother,0.44244139992009185
dasharatha,felt,0.3437776512150987
eloquent speech,answered,0.3437776512150987
tells,committed,0.3368071591937862
staying,death,0.3437776512150987
never,either,0.3398879200718346
terrors,woman,0.3568176011010131
drawing,tree,0.34097280942078395
tried,mother,0.6807566951857237
consecration,felt,0.345804020441389
heretic,heretic,0.305580134413421
lakshmana,brother,0.3198360104598199
lament,reign,0.34140059329421507
throne,throne,0.3437776512150987
magnificent,reign,0.3896589563692421
suddenly,committed,0.34167523353501783
world,must,0.3435806537498125
curse,death,0.3186595002565206
stripped,stripped,0.3437776512150987
camping,find,0.3878237041630763
libation,entreaties,0.3311631451346135
blind,blind,0.3437776512150987
existence,reign,0.37742394166147053
believing,hostile,0.26809061473218737
three,stripped,0.3437776512150987
banish,throne,0.3870371675032911
brothers,kaikeyi,0.32945358241446954
things,ascend,0.3437776512150987
crime,committed,0.3395728158549369
invite,reign,0.37742394166147053
insisted,mother,0.4074418326966429
approaching,find,0.49442343325796007
woman,woman,0.39448856743809924
guilty,accepted,0.31252513746827154
loss,committed,0.34231038191849317
ascend,ascend,0.4147729339272995
asks,kaikeyi,0.3437776512150987
sleep,banishment,0.33623169483255594
rajagriha,royal,0.3164451965186289
moral,heretic,0.3259215060984036
one,heretic,0.2936681509382374
offers,entreaties,0.3246788928142599
country,placed,0.39367357057022967
resolved,felt,0.33660306515012495
fourteen,throne,0.36344106770973156
vasishtha,felt,0.3437776512150987
mourned,stripped,0.3437776512150987
uneasy,midnight,0.3437776512150987
long,death,0.31252513746827154
departed,entreaties,0.3311631451346135
approaches,halts,0.0
could,woman,0.37944841442102245
consent,conduct,0.33704603090874324
royal,death,0.3437776512150987
teachings,rejects,0.3437776512150987
clouds,find,0.3809415083899549
manage,placed,0.38507082585382774
find,find,0.3373595948287129
matter,regret,0.3334566916947017
made,throne,0.3488771049368673
departure,entreaties,0.2849099561728343
funeral,entreaties,0.3269583097744517
young,committed,0.3423835528108362
reminds,entreaties,0.26809061473218737
eloquent,woman,0.40463075068269944
reproach,either,0.34989709144809933
enraged,hostile,0.3362089475668075
separation,stripped,0.3437776512150987
killed,committed,0.3423835528108362
two,yet,0.3437776512150987
conduct,conduct,0.3437776512150987
banishment,sleep,0.3400046730238273
dust,find,0.38369438669920347
bear,stripped,0.3437776512150987
forest,woman,0.34261032635064875
fail,arguments,0.3437776512150987
uneasy sleep,midnight,0.3437776512150987
go,must,0.34574399286456203
finally,conduct,0.3009906086391938
piously,mothers,0.3437776512150987
belongs,right,0.34041184106192096
keep,mother,0.3522662087459712
chastely,mothers,0.3437776512150987
asking,mothers,0.3437776512150987
serve,mothers,0.3437776512150987
blind father,committed,0.3437776512150987
necessary,reign,0.365188926953699
hostile,hostile,0.3093998860935888
uneasy sleep,banishment,0.3437776512150987
residence,placed,0.3713064343075847
nothing,woman,0.382897500872842
caused,felt,0.34211847173657073
makes,reign,0.34140059329421507
favorite,felt,0.3443780569117773
need,ascend,0.3437776512150987
underworld,must,0.36344106770973156
everyone lives,ascend,0.39676326864907857
tries,heretic,0.3246788928142599
satyavan,must,0.33303990115577126
order,placed,0.3437776512150987
symbol,placed,0.34721874910165945
reign,reign,0.39271771004618494
brother,brother,0.36976251477771993
change,arguments,0.31967277967062413
heir,throne,0.3949025341011442
heard,find,0.3988352174000707
youth,committed,0.3374703981748561
tree,tree,0.32694860044921004
return,kaikeyi,0.3437776512150987
faithful,brother,0.3437776512150987
many,kaikeyi,0.38736489111153494
conduct,consent,0.3437776512150987
venal,ascend,0.3437776512150987
following,woman,0.3756530842695562
appoint,throne,0.409995577387785
breaking,accepted,0.31252513746827154
dissuade,mother,0.3437776512150987
says,either,0.3942630331373538
becomes,hostile,0.3362089475668075
one,ascend,0.39676326864907857
ayodhya,stripped,0.3338195812318636
reported,maid,0.3437776512150987
death,death,0.4303605874200662
beyond,one,0.32821162883563715
reports,kaikeyi,0.3437776512150987
yama,must,0.31156440103711647
retinue,find,0.4015880957093194
trappings,stripped,0.3437776512150987
wherever,must,0.3477103345140253
went,stripped,0.3437776512150987
every,reign,0.3667183037921704
exile,woman,0.4028777028629778
sees,tree,0.3325582840378396
affairs,placed,0.4451506564722247
blind,committed,0.3437776512150987
regret,accepted,0.33001637185456933
speech,reign,0.3713064343075847
help,mother,0.3437776512150987
priests,ascend,0.3437776512150987
clothed,stripped,0.3437776512150987
nihilistic,rejects,0.3437776512150987
kausalya,mother,0.3310225794815685
rajagriha,death,0.3164451965186289
fail change,pious,0.3437776512150987
learned,accepted,0.3334566916947017
transfers,placed,0.3678653364210239
remembered,committed,0.3437776512150987
conduct affairs,finally,0.3437776512150987
magnificent speech,reign,0.3437776512150987
called,death,0.3437776512150987
throws,kaikeyi,0.3437776512150987
landscape,find,0.3754357517714576
ramas,heretic,0.3355039292169145
joining,brother,0.3437776512150987
come,reign,0.33426941953156425
sovereignty,placed,0.41948180471943525
followed,must,0.3437776512150987
feet,kaikeyi,0.3295153036897971
lamentations,entreaties,0.3246788928142599
bring,maid,0.3376151201693554
yet,yet,0.3365698873125798
alone,stripped,0.36934009265812145
everyone,ascend,0.3437776512150987
grant,yet,0.3437776512150987
dead,must,0.352495352651441
near,tree,0.33816796762646917
had,either,0.34279373065317453
sita,find,0.3437776512150987
skeptic,heretic,0.3246788928142599
kaikeyi,kaikeyi,0.3306691998777201
sovereignty belongs,right,0.34041184106192096
natural,reign,0.38354144901535625
bharata drawing,tree,0.34097280942078395
wilderness,woman,0.39473588436641843
bharata,dasharathas,0.31967277967062413
sandals,placed,0.39046471763489776
hunting,committed,0.34168650360870495
boys,committed,0.3388867535597469
inevitability,reign,0.3728358111460562
awoke,banishment,0.3400046730238273
nandigrama,placed,0.32831299449316415
duty,mother,0.3437776512150987
lives,ascend,0.3437776512150987
everyone,one,0.3437776512150987
queen,maid,0.3437776512150987
unreasonable,reign,0.365188926953699
counselors,death,0.38882475082098494
magnificent speech,existence,0.3437776512150987
king,accepted,0.3437776512150987
elevation,maid,0.33497403543546544
compelled,conduct,0.3437776512150987
committed,committed,0.3437776512150987
capital,death,0.3437776512150987
livelihood,ascend,0.3437776512150987
spread,ascend,0.3437776512150987
describes,woman,0.33319141407710523
was,accepted,0.3437776512150987
representative,placed,0.40227631528663155
depart,either,0.36129596772849887
dear,either,0.375904712438352
old,felt,0.3455788683051345
conduct affairs,conduct,0.3437776512150987
kind,mothers,0.3437776512150987
tortured,accepted,0.33846948931956533
royalty,stripped,0.3437776512150987
unhesitatingly,accepted,0.34033733137496636
garments,stripped,0.3437776512150987
gives,placed,0.35754204276134177
dangers,woman,0.3539198344596988
declaring,woman,0.39303968411744217
attack,hostile,0.3135028366219342
sets,find,0.3988352174000707
queen kaikeyi,maid,0.3437776512150987
midnight,banishment,0.33371637603837495
savitri,must,0.32497389853255615
embrace,kaikeyi,0.32945358241446954
objecting,right,0.33704603090874324
chitrakuta,find,0.3437776512150987
noise,find,0.3553657882953188
another,kaikeyi,0.3213233701966502
army,find,0.3413993504852269
maid,maid,0.3437776512150987
tears,kaikeyi,0.33816408096048656
returns,placed,0.3489392980449398
seen,find,0.378542062455759
remains,woman,0.40318186736204226
prevent,woman,0.3799997342315277
asked,yet,0.7369198691808279
follow,must,0.3516430178129518
mothers,mothers,0.3437776512150987
cursed,committed,0.3437776512150987
rejects,rejects,0.3269369404512623
bharata,mothers,0.31967277967062413
placed,placed,0.39112254773174554
come,every,0.33426941953156425
fail,pious,0.3437776512150987
even,must,0.3771955067210775
commanded,either,0.34788811997264546
cynical,ascend,0.3437776512150987
mourning,reign,0.33902353537333146
meanwhile,find,0.3394989469575082
invited,death,0.3457247153634103
seem,reign,0.34140059329421507
right,right,0.3336802207555655
preparations,felt,0.3455788683051345
talk,ascend,0.3437776512150987
great,find,0.39470589993619787
queen,bring,0.3437776512150987
arguments,arguments,0.2701110116690061
accepted,accepted,0.34033733137496636
fulfilled,death,0.35005152458188066
decision,mothers,0.3870371675032911
jabali,heretic,0.3355039292169145
representatives,placed,0.35582149381806133
promised,yet,0.3311631451346135
trouble,ascend,0.3437776512150987
live,mothers,0.3437776512150987
son,felt,0.33711223686822106
word,mother,0.37730638655020865
answered,woman,1.0
mistake,committed,0.3402924052044424
vigorously,rejects,0.3644242385344632
distance,find,0.3669539253755389
devoted,woman,0.3708070054581403
matter,accepted,0.3334566916947017
must,must,0.3811381425549012
solemnly,placed,0.40227631528663155
powerful,rishyashringa,0.4209150135484212
lift,many,0.39460207865789815
great,rishyashringa,0.6613392668634418
king,delighted,0.3951632642449633
brother,four,0.3599853645711157
attacks,worship,0.6017156600880849
human form,begging,0.39460207865789815
many,many,0.39460207865789815
wishes,wishes,0.4906135740090068
bent,many,0.39460207865789815
came,worship,0.42024180126285915
like,wishes,0.39460207865789815
happily,many,0.39460207865789815
childless,ruled,0.36044069663963646
later,vishvamitra,0.3815049966639041
defeat,begging,0.41496815342934545
manhood,worship,0.5905570198116011
fit,god,0.38920014052140994
come,come,0.39460207865789815
dasharatha,celebrated,0.2982707763200696
land,ruled,0.35527411267310927
order,begging,0.4251511908150691
announced,could,0.39460207865789815
grew,worship,0.7879593986266581
excelled,worship,0.8292886671766764
form,begging,0.41496815342934545
able,many,0.39993750591313787
failed,many,0.3902363846599001
includes,rishyashringa,0.4412743333424649
magical,forth,0.3199472880984864
lord,begging,0.3404369130757058
already,many,0.39460207865789815
born,resolves,0.39460207865789815
even,many,0.39460207865789815
chief,rishyashringa,0.4039365295948115
imperial,imperial,0.49580398189745845
sumptuously,celebrated,0.3841244130627029
four,four,0.39460207865789815
delighted,delighted,0.39460207865789815
court advisor,urged,0.39460207865789815
kaikeyi,lakshmana,0.39460207865789815
went,forth,0.6367612471947388
offering,rishyashringa,0.47861213709011824
kosalas,ruled,0.39460207865789815
persistent,worship,0.5828871526853407
slay,forth,0.39460207865789815
videha,vishvamitra,0.39460207865789815
elder,four,0.46588334035796364
begetting,rishyashringa,0.5346188427115983
take,begging,0.3898395033873549
elder brother,four,0.39460207865789815
lived,many,0.6905808015530905
rite,rishyashringa,0.4879465880270316
turn,many,0.39460207865789815
demon,troubled,0.39460207865789815
were,forth,0.33767844502881034
court,imperial,0.49580398189745845
would,could,0.39460207865789815
eldest,four,0.4353342282007927
devoted,four,0.39460207865789815
vishnu,lakshmana,0.29240879177245754
uttered,wishes,0.39460207865789815
wife,many,0.27229381168538447
disrupting,worship,0.4627603190591861
favorite,four,0.46588334035796364
failed,easily,0.3902363846599001
weapons,forth,0.3077414755125985
second,wishes,0.4906135740090068
sage,worship,0.9963118945814714
fulfilled,wishes,0.5329787463932356
priest,rishyashringa,0.5346188427115983
furrow,come,0.35235124485449487
youth,four,0.46588334035796364
ate,had,0.39460207865789815
son,resolves,0.39460207865789815
fathers,four,0.40478511604362183
resolves,resolves,0.39460207865789815
vishvamitra,vishvamitra,0.39460207865789815
deeply,four,0.4251511908150691
remnants,had,0.39460207865789815
placed,had,1.0
everything,worship,0.650195480162728
complaining,worship,0.4968394392598301
ravana,begging,0.3363166593301016
gods,troubled,0.44889876469077367
lanka,troubled,0.09766324387985867
mighty,ruled,0.37467460581391215
sacrifice,rishyashringa,0.42127579747845256
highly,delighted,0.3951632642449633
easily,many,0.39460207865789815
persistent attacks,worship,0.8292886671766764
years,many,0.39460207865789815
north,ruled,0.36613426030934676
come forth,come,0.39460207865789815
raised,daughter,0.39460207865789815
celebrated,celebrated,0.3841244130627029
shatrughna,lakshmana,0.39460207865789815
arts,worship,0.6927943804135328
troubled,troubled,0.3871180318041873
human,begging,0.4251511908150691
forth,forth,0.4021438525294066
self,wishes,0.47461165811715533
bore,lakshmana,0.4008235408838717
gives,delighted,0.39460207865789815
come forth,furrow,0.39460207865789815
man,could,0.6969511305478925
city,ruled,0.3832149513184776
trained,worship,0.9243763584151593
begging,begging,0.4455172655865164
offer,imperial,0.4668891524004412
fire,had,0.39460207865789815
janaka,daughter,0.19021550488701694
turned,begging,0.37555177757572505
marriage,could,0.39460207865789815
agrees,resolves,0.39460207865789815
king,lakshmana,0.39460207865789815
give,could,0.39460207865789815
two,many,0.6279633520807318
concluded,lakshmana,0.5772639870632685
grown,worship,0.6075965799119231
daughter,daughter,0.39460207865789815
elder brother,eldest,0.39460207865789815
god,god,0.37299432611194533
court advisor,imperial,0.39460207865789815
much,troubled,0.3871180318041873
kings,had,0.39460207865789815
three,lakshmana,0.39460207865789815
offerings,had,0.39460207865789815
worship,worship,0.46991610826887514
possessed,god,0.39460207865789815
snapped,many,0.3815049966639041
was,daughter,0.32715781167128644
ayodhya,ruled,0.39460207865789815
rishyashringa,rishyashringa,0.2266455160077507
field,come,0.0
ramas,wishes,0.30301070542850356
had,had,0.3492160429441271
sumitra,lakshmana,0.39460207865789815
rewarded,forth,0.43649420356226726
wives,lakshmana,0.5772639870632685
still,ruled,0.36328747847449155
therefore,begging,0.49643245251513457
human form,human,0.39460207865789815
marry,daughter,0.28234137585223484
named,come,0.35235124485449487
hardly,many,0.39460207865789815
divided,had,0.39460207865789815
draw,could,0.39460207865789815
question,daughter,0.3197616101207892
considering,daughter,0.33472970382821104
time,troubled,0.39460207865789815
wise,ruled,0.3689810421442019
heaven,troubled,0.3747482265104011
come,furrow,0.39460207865789815
sons,lakshmana,0.8817005010722193
princes,four,0.36692991860903573
ploughing,come,0.0
bow,god,0.39460207865789815
cause,rishyashringa,0.5159499408377716
sita,celebrated,0.2982707763200696
urged,imperial,0.5586119893388645
bharata,lakshmana,0.39460207865789815
incarnated,lakshmana,0.8817005010722193
summoned,celebrated,0.2898254227059457
hermitage,worship,0.526401630477108
kausalya,lakshmana,0.5194148332079228
earth,resolves,0.7146867045045504
wonderful,god,0.38920014052140994
could,could,0.39460207865789815
lakshmana,lakshmana,0.3636763377029534
especially,rishyashringa,0.45994323521629166
request,forth,0.39460207865789815
ruled,ruled,0.3832149513184776
demons,worship,0.8653147637265046
accompanied,vishvamitra,0.3815049966639041
bade,meter,0.38793758043289084
mate,mate,0.3435065261849649
hopping,sweetly,0.2500066372449297
grass,sweetly,0.2500066372449297
killed,arrow,0.314640221816253
pronounced,mate,0.38793758043289084
sing,meter,0.38793758043289084
curse,form,0.3104918776114209
words,form,0.17030883568892544
forest,sweetly,0.1461441546157544
weltering,mate,0.1552006970866303
valmiki,sweetly,0.0
male,arrow,0.38793758043289084
blood,mate,0.21021336344118702
appeared,meter,1.0
left,form,0.6327625482597344
form,form,0.38793758043289084
singing,sweetly,0.2500066372449297
bird,arrow,0.38793758043289084
noticed,sweetly,0.3253951758020574
meter,meter,0.38793758043289084
mourning,mate,0.38793758043289084
pitiful,mate,0.32198947596502264
wandering,sweetly,0.1461441546157544
along,arrow,0.5091351355494469
along,male,0.5091351355494469
sweetly,sweetly,0.2500066372449297
suddenly,arrow,0.38793758043289084
curlews,sweetly,0.26285277117122424
hunter,mate,0.38793758043289084
came,arrow,0.38793758043289084
tones,mate,0.3384765020819896
poet,meter,0.38793758043289084
singing,noticed,0.2500066372449297
river,sweetly,0.2941239734866408
was,mate,0.2732870490705057
forest,noticed,0.1461441546157544
god,meter,0.38793758043289084
deeds,meter,0.38793758043289084
arrow,arrow,0.38793758043289084
pair,sweetly,0.3253951758020574
pity,mate,0.3549635281989567
brahma,meter,0.26189162065386606
mouth,form,0.38793758043289084
overcome,mate,0.38793758043289084
bank,sweetly,0.20031036654039083
away,vindhya,0.6811632288150423
kingdom,dominion,0.0
dominion,dominion,0.45410881921002816
coast,set,0.6811632288150423
ravana,vindhya,0.6811632288150423
helpless,vindhya,0.6475909683196097
however,snake,0.7055124751179781
limitless,limitless,0.605478425613371
lake,melancholy,0.593287064716325
armies,kishkindha,0.6415959218025681
counselors,throne,0.7085822709536082
nature,loved,0.6811632288150423
much,jump,0.5297936224116996
child,snake,0.6909029273362166
bond,bond,0.42986266698529196
awakening,loved,0.6811632288150423
throne,among,0.7085822709536082
monkey armies,kishkindha,0.6811632288150423
monkey,kishkindha,0.6811632288150423
ravana carrying,hills,0.6811632288150423
snake kills,kills,0.6811632288150423
mahendra,leap,0.6152561057410042
form,bond,0.17856210515554163
wings,had,0.6398806088868579
climbs,leap,0.6811632288150423
man,snake,0.6811632288150423
adventures,had,0.6629588186719791
monkeys,monkeys,0.6973960596836661
support,support,0.6811632288150423
decided,jump,0.5676360240125353
sets,monkeys,0.7543091458860313
south,monkeys,0.6811632288150423
mount,leap,0.6152561057410042
host,monkeys,0.6811632288150423
jatayus,had,0.6067144618042126
loved,loved,0.6622420280146245
friendship,bond,0.17856210515554163
throne,throne,0.7085822709536082
discussion,jump,0.5676360240125353
meet,meet,0.5497384276046977
birds,loved,0.6811632288150423
monkey,battle,0.6811632288150423
described,set,0.3441725212097574
monkey armies,battle,0.6811632288150423
set,set,0.6811632288150423
leadership,monkeys,0.6811632288150423
battle,kishkindha,0.621812268296331
distant,loved,0.6811632288150423
angry,snake,0.6909029273362166
valin,throne,0.6458886192849586
located,set,0.6137650872939854
race,had,0.5810998341546874
ocean,leap,0.6493863495396084
comes,comes,0.6811632288150423
jump,jump,0.605478425613371
many,had,0.7559424346474946
toward,monkeys,0.6811632288150423
wife,dominion,0.3908042427643227
angada,monkeys,0.4815616908166738
advises,snake,0.6811632288150423
despair,snake,0.7249918721603266
brother,had,0.7385834361393153
ravana carrying,vindhya,0.6811632288150423
find,find,0.2939773859049136
angada,accompanied,0.4815616908166738
snake kills,snake,0.6811632288150423
tells,dominion,0.45410881921002816
wisest,throne,0.6811632288150423
driven,dominion,0.18921200800417845
among,throne,0.6811632288150423
far,jump,0.605478425613371
sinks,melancholy,0.3296585724201726
close,bond,0.42986266698529196
destroys,snake,0.6957727765968038
carrying,vindhya,0.6727701636911841
heir,throne,0.7085822709536082
despaired,limitless,0.605478425613371
soon,meet,0.5497384276046977
kills,snake,0.7152521736391523
commissions,find,0.2939773859049136
trees,loved,0.6811632288150423
arouses,loved,0.6811632288150423
sea,getting,0.5297936224116996
sea,limitless,0.5297936224116996
since,vindhya,0.6224117729480352
reach,melancholy,0.593287064716325
confidence,find,0.42986266698529196
saw,limitless,0.605478425613371
hills,vindhya,0.6811632288150423
top,leap,0.6638525319970849
melancholy,melancholy,0.5136295209285421
sugrivas,comes,0.3895157641976427
prepares,leap,0.6723758771315006
leap,leap,0.678234111587195
greatest,find,0.42986266698529196
calling,loved,0.6811632288150423
flown,had,0.6561473801499536
one,loved,0.8889147049088688
spring,loved,0.6811632288150423
accompanied,monkeys,0.5054109006176075
across,leap,0.6811632288150423
brothers,kishkindha,0.6811632288150423
was,set,1.0
pampa,melancholy,0.5932870647163249
robbed,robbed,0.45410881921002816
scorched,had,0.6811632288150423
kishkindha,kishkindha,0.42489600649238457
snake,snake,0.6860330780756295
vindhya,vindhya,0.6811632288150423
seen,vindhya,0.6727701636911841
had,had,0.6811632288150423
resourceful,monkeys,0.6811632288150423
king,throne,0.7816997166564503
sita,support,0.4942585887219513
recovering,support,0.6811632288150423
promises,support,0.7504137208463179
sugriva,throne,0.6458886192849586
getting,limitless,0.605478425613371
lying,vindhya,0.6433944357576806
son,throne,0.7781139176588279
sampati,had,0.5116002623020718
funk,melancholy,0.5136295209285421
ravana,hills,0.6811632288150423
blooming,loved,0.6811632288150423
consecrated,throne,0.5778725881806986
billowing,limitless,0.5676360240125353
aid,comes,0.6811632288150423
vulture,had,0.7385834361393153
robbed,dominion,0.45410881921002816
lanka,vindhya,0.6811632288150423
residence,kishkindha,0.6811632288150423
hanuman,jump,0.38176092181748944
longing,loved,0.6811632288150423
slopes,hill,0.5444981239166611
devour,die,0.5259518615823564
surveyed,surveyed,0.5417614880166375
mahendra hill,hill,0.5259518615823564
city,air,0.6328849303611386
last,search,0.5259518615823564
mahendra,hill,0.5259518615823564
rose,hill,0.517897625761935
flight,had,0.5259518615823564
depths,hill,0.5357130522846221
returns,bringing,0.5259518615823564
four,had,0.5259518615823564
living,hill,0.5177057797606338
days,had,0.5514148664417874
tremble,hill,0.5327846950739423
had,finally,0.5532014939098777
beautiful,penetrated,0.49439474988741505
performed,had,0.5200942355311409
adventures,had,0.5259518615823564
seemed,surveyed,0.5417614880166375
monkeys,monkeys,0.509063692725251
everything,monkeys,0.5175077771538037
almost,surveyed,0.5389070091175092
grief,search,0.5800310416759575
sita,last,0.5111733060776278
search,search,0.5259518615823564
mahendra,caused,0.5259518615823564
monkey,hill,0.5464503620571142
beloved,bringing,1.0
leap,hill,0.526927980652583
town,surveyed,0.5417614880166375
miracles,had,0.5259518615823564
small,made,0.5259518615823564
ocean,monkeys,0.5522959867931652
reposing,penetrated,0.518068510672271
two,die,0.5259518615823564
creatures,hill,0.5405936476357548
many,had,0.5259518615823564
flies,monkeys,0.5435146117228955
across,monkeys,0.534733236652626
sita,search,0.5111733060776278
months,die,0.5383128170323224
women,penetrated,0.49439474988741505
long,search,0.5145540513046224
king,penetrated,0.518068510672271
penetrated,penetrated,0.5195084729260193
rescue,die,0.5259518615823564
mahendra hill,caused,0.5259518615823564
harem,penetrated,0.49722577205562496
die,die,0.6475163749007764
assures,save,0.0
certainly,save,0.42076148926588514
hill,hill,0.5147432464980161
sunset,made,0.5259518615823564
friend,messenger,0.5090188536147717
pushpaka,air,0.5259518615823564
also,penetrated,0.5195084729260193
message,bringing,0.5259518615823564
save,save,0.42076148926588514
tells,die,0.5259518615823564
recounts,monkeys,0.5203224719633213
whole,air,0.5980574350404911
news,bringing,0.48653510703192926
finally,bringing,0.5259518615823564
messenger,messenger,0.4599832070085752
grove,search,0.5109005180124996
mighty,hill,0.5464503620571142
caused,hill,0.7174159700588678
drive,air,0.5259518615823564
surveyed,seemed,0.5417614880166375
town,seemed,0.5417614880166375
finally,had,0.5051200323905662
bringing,bringing,0.5259518615823564
reached,had,0.5083789834287098
hanuman,hill,0.5093023952583255
midst,penetrated,0.4944184579420146
back,monkeys,0.534733236652626
impregnable,surveyed,0.5414980386245397
hill,surveyed,0.551862156652662
cat,made,0.5259518615823564
had,had,0.5532014939098777
terrified,hill,0.517897625761935
flew,hill,0.5532831955487001
ravanas,penetrated,0.49722577205562496
called,air,0.6328849303611386
chariot,air,0.5378001607013745
saw,penetrated,0.506621695613345
awaiting,monkeys,0.5062489979157335
wasted,search,0.5111733060776278
found,search,0.5111733060776278
lanka,had,0.5076087519209663
threatened,die,0.5075421797071075
ravana,air,0.5259518615823564
news,news,0.48653510703192926
palace,air,0.5764257630030507
used,air,0.5152128804884613
made,made,0.8322944351447749
wonderful,air,0.5259518615823564
crept,made,0.5259518615823564
examined,air,0.4981486782625213
makes,messenger,0.5090188536147717
air,air,0.8116596023867215
known,messenger,0.43588015720407686
submission,wishes,0.8610724624862459
mother,earth,0.8610724624862459
rejected,bank,0.8448971434943869
brother,bear,0.866630886654931
though,still,0.8662496908881002
reuniting,hope,0.8576682796901538
descended,descended,0.8229431495220741
sacrificial,instructs,0.8631807785399952
thereupon,words,0.8610724624862459
land,might,0.853210269287338
simply,wishes,0.8610724624862459
people,might,0.8888579699889968
government,kusha,0.8610724624862459
sad,bear,0.8610724624862459
singers,discovers,0.8721310859214312
glance,earth,0.8610724624862459
discovers,discovers,0.877660397639024
solemn,lava,0.8688383050890274
day,might,0.8838522674544048
model,bear,0.8610724624862459
declares,still,0.9128447465047889
throne,earth,0.9960710696692772
arrange,messengers,0.8610724624862459
was,might,0.859454930587041
thereupon rama,words,0.8610724624862459
innocent,lava,0.8817813760936631
known,earth,0.8610724624862459
deep,wishes,0.8610724624862459
word,earth,0.951187641431967
become,bard,0.8610724624862459
find,lead,0.8163146794282361
latter delivers,protection,0.8610724624862459
lead,lead,0.6820413302542065
account,bank,0.8448971434943869
children,bard,0.8939112666763187
one,might,0.8610724624862459
reproach,bear,0.8610724624862459
goddess,earth,0.9332216337634914
grief,wishes,0.8606753078267018
still,still,0.8789864374976986
present,organizes,0.0
never,earth,0.9036723652605867
organizes,organizes,0.0
youthful,discovers,0.8666017742038385
downcast,scarcely,0.8610724624862459
birth,birth,0.8610724624862459
lie,still,0.8628638599873912
enters,kusha,0.8610724624862459
valmiki,bard,0.8392162051894443
appears,hope,0.8599377348875484
back,might,0.900937121180524
spoken,earth,0.8610724624862459
latter,delivers,0.8610724624862459
latter delivers,delivers,0.8610724624862459
open,earth,0.978064073024144
downcast,earth,0.8610724624862459
hands,earth,0.9151415698536786
disapproval,might,0.8696148893493054
years,birth,0.8610724624862459
leads,leads,0.8523366922652369
recite,discovers,0.892444008795403
bard,bard,0.8779704769142909
afterwards,kusha,0.8610724624862459
folded,earth,0.912074462871885
bad,bear,0.8906439877353246
become,become,0.8610724624862459
thought,earth,0.872187728468883
contemplated,earth,0.8959030968959506
downcast glance,mother,0.8610724624862459
desert,bear,0.8610724624862459
next,lava,0.8895472186964446
two,discovers,0.9274242030973581
arose,earth,0.8610724624862459
kusha,kusha,0.8496273303229128
twins,birth,0.8610724624862459
gives,kusha,0.8610724624862459
one,earth,0.8987569918635474
latter,protection,0.8610724624862459
comforts,hope,0.8599377348875484
received,might,0.8659191193036236
desires,still,0.8628638599873912
informed,might,0.9024040627629107
soon,discovers,0.8831897093566167
vanished,earth,0.9369534874502455
sat,might,0.8710386271598155
poem,discovers,0.8664491034406238
suspicions,bank,0.8287218245025282
sita,discovers,0.8397370896355177
recitation,recitation,0.8219328051005075
king,bear,0.9077141954418027
earth,earth,0.8587947735134323
heaven,hope,0.8524247288716705
best,wishes,0.8610724624862459
said,earth,0.9095865604140488
morning,lava,0.8869586044955174
embraced,earth,0.9332216337634914
composed,instructs,0.8626536995265579
ramayana,instructs,0.8388741809953136
hope,hope,0.8588030072888512
true,lava,0.9128447465047889
become pupils,bard,0.8676402233242604
depths,earth,0.8610724624862459
time,birth,0.8610724624862459
soon,kusha,0.8832511064230548
adjures,vain,0.8181579082530998
wishes,wishes,0.8606753078267018
truly,earth,0.9054297503598638
accompaniment,discovers,0.8745140648721907
protection,delivers,0.8353237299463583
thereupon rama,still,0.8610724624862459
setting,bear,0.8610724624862459
vishnu,kusha,0.8496273303229128
heavy,leads,0.8610724624862459
oath,still,0.8610724624862459
weeping,lead,0.8163146794282361
heart,leads,0.8567810070629314
requests,bear,0.8610724624862459
listen,recitation,0.782793147714769
gods,descended,0.8229431495220741
ravana,might,0.8541000430375213
might,might,0.8941163057476372
cannot,bear,0.8610724624862459
downcast glance,earth,0.8610724624862459
becomes,kusha,0.8585902458640955
give,vain,0.8181579082530998
bear,bear,0.8610724624862459
chariot,leads,0.8610724624862459
expressing,might,0.8724623649703254
several,birth,0.8610724624862459
take,bear,0.8610724624862459
brahma,hope,0.8425600271423141
discloses,bank,0.8287218245025282
arms,earth,1.0
pass,birth,0.8610724624862459
borne,earth,0.877773321106827
sends,wishes,0.8847296826855088
honored,earth,0.886664377291411
scarcely,earth,0.8610724624862459
hermitage,birth,0.8906439877353246
great,lava,0.8895472186964446
fate,wishes,0.8610724624862459
may,messengers,0.8559175061916664
another,earth,0.8610724624862459
abduction,might,0.8681911515387956
words,still,0.869471424067038
morals,might,0.9015778187421448
ascetic,lava,0.9729049342842738
lava,lava,0.8312949439645803
brahma,heaven,0.8425600271423141
lakshmana,leads,0.8440553234211323
god,hope,0.8588030072888512
pupils,bard,0.8779704769142909
bank,bank,0.8017629595160968
assembly,instructs,0.8626536995265579
women,might,0.9047756100255054
wonderful,recitation,0.8219328051005075
takes,leads,0.848198096216302
lute,discovers,0.8825790263037577
means,still,0.8754036424954081
had,had,0.9801491394255827
heavenly,earth,0.8610724624862459
thereupon,still,0.8610724624862459
river,bank,0.8179382785079555
example,bear,0.8610724624862459
deed,earth,0.8848363833767565
sons,discovers,0.8793311500605089
brings,lava,0.8817813760936631
finished,earth,0.9033668042694587
delivers,delivers,0.8586101229800587
pure,lava,0.8766041476918088
pupils,become,0.8779704769142909
effect,might,0.8983800274587844
rapture,recitation,0.782793147714769
messengers,messengers,0.8610724624862459
had,might,0.9801491394255827
lap,might,0.8827227673843071
seated,earth,0.9282458288478193
asks,messengers,0.8586895345289814
feared,might,0.873409407112298
truth,earth,0.8938416184665081
grown,bard,0.8695214697002684
yet,wishes,0.8544775785467222
instructs,instructs,0.9083869028847718
vain,vain,0.7895240078475262
away,bear,0.8982141095505867
speech,lava,0.8610724624862459
forest,bear,0.8929835441190009
even,earth,0.8610724624862459
lakshmana,lakshmana,0.8440553234211323
satisfied,still,0.8610724624862459
heads,earth,0.8735981064516817
purify,messengers,0.8847296826855088
man,earth,0.8610724624862459
always,earth,0.8610724624862459
full,wishes,0.8610724624862459
field,violent,0.26256351773910364
sita,send,0.14828165433862106
flight,rejoicing,0.30879374230845
asks,complaint,0.38552494543569493
divine,master,0.2493548821478619
arms,necessary,0.2969059702763324
prominent,jambavan,0.2493548821478619
counselors,advises,0.3263000569046833
succeeds,last,0.22468004152795518
mount,night,0.21654415789616047
four,feeling,0.31960080779219335
was,necessary,0.3361626936620347
heads,new,0.3295534833285015
installed,rejoicing,0.3369606257138138
dangerous,magic,0.3270826223578617
carrying,back,0.2521520621914417
divine master,builder,0.2493548821478619
pyre,complaint,0.23777655438381723
command,general,0.30879374230845
could,suffer,0.37590890800277
bharata,necessary,0.2493548821478619
duel,day,0.3533728874288911
open,necessary,0.293934027268303
sugriva,suggests,0.1295738613424846
feeling,feeling,0.3250043405340649
enemies,always,0.3327410185259326
whole affair,breaks,0.2146433114977036
palace,burning,0.2493548821478619
accept,suffer,0.2372099877375138
despairs,praises,0.08311829404928733
place,many,0.4756817100609937
joyous,victory,0.0
relatives,always,0.3586546229372551
passes,army,0.2493548821478619
points,advises,0.2868027647328586
witness,erected,0.2691678355347246
assuring,burning,0.2493548821478619
inflicts,magic,0.3225104023455088
council,vast,0.3172476834038807
sets,vast,0.3408977818371614
monkeys,rejoicing,0.33796789315486603
accuses,always,0.2950770822713912
concealed,immediately,0.3457212000704091
image,back,0.2717323224965006
puts,back,0.2979866768247067
welfare,rules,0.13831809935828185
army,army,0.5018314535489627
nala,builder,0.15125910090059122
thereupon rama,bharata,0.2493548821478619
violent,violent,0.36162828467341723
ramas,complaint,0.2089128517706126
town,army,0.2493548821478619
god,last,0.30879374230845
longer,suffer,0.23478100885544423
bridge,builder,0.2335662533787101
every,new,0.3709352957977128
happily,rules,0.2271475255899459
delivers,burning,0.2493548821478619
eyes,necessary,0.3709593912399083
hanuman,praises,0.1683612172974926
summoned,vast,0.2493548821478619
worst enemies,always,0.3586546229372551
healing,immediately,0.37483692026465903
delusion,breaks,0.2493548821478619
reached,vast,0.2493548821478619
day,day,0.2493548821478619
appeals,sea,0.2969059702763324
breaks,breaks,0.2493548821478619
thereupon,necessary,0.2493548821478619
constructing,suggests,0.08311829404928733
praises,praises,0.1683612172974926
magic arts,invisible,0.2493548821478619
night,night,0.39795203254933215
populace,populace,0.2493548821478619
suggests,suggests,0.1295738613424846
ravana,always,0.1826830653182882
days,army,0.18103985108965417
thereupon,bharata,0.2493548821478619
city,back,0.2997041229322988
bring,trees,0.2493548821478619
arts,magic,0.27678820222197953
fire,erected,0.3153980601040709
invoking,erected,0.2691678355347246
horrified,reports,0.08544026553955175
lakshmana,back,0.052700305915984964
exact,exact,0.2493548821478619
divine,instructs,0.2493548821478619
back,back,0.2493548821478619
carries,immediately,0.2493548821478619
success,praises,0.08311829404928733
make,magic,0.3203302443535943
innocent,burning,0.2493548821478619
new,new,0.2493548821478619
gods,gods,0.2493548821478619
versed,magic,0.22914196725670805
master,builder,0.2493548821478619
ravanas,exact,0.2493548821478619
conspicuous,prominent,0.21875477934144974
king,always,0.6940809428309057
herbs,night,0.2493548821478619
simply,immediately,0.2493548821478619
able,exact,0.20277897606028614
aid,sea,0.30431572125987716
one,new,0.2974456163708753
across,feeling,0.2493548821478619
ravanas heart,last,0.33311728790037143
prove,necessary,0.2685911758370672
regard,breaks,0.2493548821478619
deeply,feeling,0.31960080779219335
solemnly,rejoicing,0.2208918284276767
battle,violent,0.3705553953285354
best,exact,0.2493548821478619
especially,gods,0.1805861501150539
says,says,0.2118202373246777
looked,suffer,0.22916947741527735
last,last,0.20000520090804855
solemn,burning,0.2493548821478619
son,violent,0.5705459259745046
pure,burning,0.2493548821478619
virtue,breaks,0.2493548821478619
general,general,0.2493548821478619
victory,send,0.0
divine master,instructs,0.2493548821478619
combatants,prominent,0.24716916051883245
uninjured,burning,0.24908748440379005
declares,exact,0.5121475543696605
commands,vast,0.32371366447588257
raises,complaint,0.38978907005098884
joyous,send,0.0
thereupon rama,necessary,0.2493548821478619
rejoicing,rejoicing,0.31943947700062336
occasion,back,0.3412149387596799
particularly,night,0.2493548821478619
order,night,0.24024621134010085
shatrughna,necessary,0.24037539068454797
single,many,0.2493548821478619
speech,burning,0.32263600096388223
lustful,suffer,0.23797582170760145
whole,army,0.47519233483847007
unfavorable,advises,0.2942923412498579
suspicions,complaint,0.2493548821478619
vast army,summoned,0.2493548821478619
gives,erected,0.644528708662854
brahma,last,0.20639738663314086
kailasa,night,0.21654415789616047
never,necessary,0.23201544873608582
concerning,necessary,0.2548509660590634
lamentations,breaks,0.24414992740056987
wounds,magic,0.33165484237021464
take,exact,0.2493548821478619
always,always,0.31793818233315585
nothing,complaint,0.5146194592982127
invisible,magic,0.28593264224668535
another,suffer,0.37590890800277
shall,vast,0.3107817023318789
ayodhya,necessary,0.2493548821478619
bitter,complaint,0.38552494543569493
magically,back,0.26613796240934084
fortification,exact,0.2493548821478619
crossing,sea,0.2823313856150711
rocks,trees,0.2372099877375138
lamentations,complaints,0.24414992740056987
coast,vast,0.28082251399758507
vast army,vast,0.2493548821478619
great,rejoicing,0.6106948064528349
rejects,send,0.11966963842222193
hero,always,0.3049456397332423
rushes,erected,0.2955851067172081
ravanas citadel,exact,0.260949637286425
prominent fellow-,prominent,0.2493548821478619
ravanas town,army,0.5018314535489627
sitas,necessary,0.2287242625380195
strikes,new,0.2493548821478619
master,instructs,0.2493548821478619
nala,master,0.15125910090059122
divine master builder,master,0.2493548821478619
instructs,builder,0.2335662533787101
utters,breaks,0.2493548821478619
cases,many,0.2493548821478619
kept,burning,0.24923900979209745
sat,suffer,0.24303318190327272
flames,erected,0.3153980601040709
lanka,rejoicing,0.0907104356462236
latter,magic,0.34994372241962635
doubts,necessary,0.2575990080146641
fellow- combatants,prominent,0.24716916051883245
knows,magic,0.2687117991130617
wild,rejoicing,0.30218942451282915
healed,immediately,0.2931577539308379
wife,suffer,0.23124474382618948
flies,vibhishana,0.2943228414213289
built,army,0.5508995428568964
master builder,instructs,0.2493548821478619
embraces,praises,0.08311829404928733
mothers,necessary,0.5302232579541158
urged,advises,0.29803712950835765
head,new,0.2493548821478619
trees,trees,0.2493548821478619
two,many,0.2493548821478619
approaching,vast,0.23263340181888956
buried,rejoicing,0.31943947700062336
send,send,0.14828165433862106
complaints,breaks,0.2493548821478619
powerful,vast,0.37867450358789784
citadel,exact,0.2493548821478619
agni,erected,0.20105708248690338
fragrance,immediately,0.2493548821478619
advises,advises,0.2493548821478619
created,last,0.2624957436827547
projectiles,gods,0.15799964547861606
enter,populace,0.2493548821478619
allies,feeling,0.2943228414213289
time,new,0.2493548821478619
divine,builder,0.2493548821478619
fetch,night,0.2493548821478619
worst,always,0.36053639731862286
swoon,reports,0.16607729505567684
soon,vast,0.3026913201424267
erected,erected,0.2493548821478619
description,exact,0.2493548821478619
flies,feeling,0.2943228414213289
produced,breaks,0.39370639968071874
subjects,rules,0.07169602968453384
surrounded,army,0.30589450603080587
appears,violent,0.28237647112596637
accompanied,necessary,0.3361626936620347
takes,immediately,1.0
would,exact,0.20897787022437822
magic arts,magic,0.2493548821478619
builder,builder,0.21777762460955832
come,gods,0.2493548821478619
wounded,immediately,0.2800168923959451
brother,feeling,0.21119992883898944
getting,praises,0.08311829404928733
magic,magic,0.3270826223578617
rules,rules,0.2271475255899459
prominent fellow-,jambavan,0.2493548821478619
chief,many,0.2493548821478619
vast,vast,0.28168478750787085
burning,burning,0.2493548821478619
dreadful,day,0.2493548821478619
proclaim,send,0.14828165433862106
march,vast,0.2946167496518744
comes,back,0.2493548821478619
southwards,vast,0.27033330338101064
lighted,erected,0.2493548821478619
had,suffer,0.21834547846066335
vishvakarman,builder,0.21184466467542115
omens,advises,0.29803712950835765
son indrajit,prominent,0.14136332901403623
divine master builder,builder,0.2493548821478619
sita,victory,0.14828165433862106
piercing,last,0.2493548821478619
finally,violent,0.4144628270383844
fight,advises,0.2718236116988599
blasphemous,breaks,0.2493548821478619
divine master builder,instructs,0.2493548821478619
moment,magic,0.2950770822713912
furious,violent,0.3484196490821754
speeches,advises,0.26433403518186055
death,violent,0.2311650187475746
divine master,master,0.2493548821478619
grows,new,0.2493548821478619
ignominy,suffer,0.20636732048465575
boasting,advises,0.26058924692336094
angada,prominent,0.2493548821478619
says,always,0.2118202373246777
monkey,night,0.2493548821478619
return,advises,0.316761070800856
innocence,necessary,0.3455363505938886
sortie,general,0.2493548821478619
much,always,0.31793818233315585
news,vast,0.32371366447588257
envy,always,0.32830494884380185
consecrated,rules,0.1484278584849393
master builder,builder,0.2493548821478619
prepared,vast,0.30431572125987716
fate,breaks,0.21185691157457176
heroes,many,0.2493548821478619
revenge,suffer,0.21834547846066335
man,suffer,0.28385525211522084
complaint,complaint,0.2493548821478619
reports,reports,0.2493548821478619
armies,many,0.2493548821478619
necessary,necessary,0.25543058314714884
renounces,feeling,0.2871796113409634
falls,reports,0.2493548821478619
erect,complaint,0.2493548821478619
mountain,back,0.2871796113409634
ravanas,take,0.2493548821478619
remained,burning,0.24923900979209745
ocean,feeling,0.639896116647612
offended,feeling,0.2493548821478619
arises,burning,0.2493548821478619
people,necessary,0.3117656853164794
vibhishana,feeling,0.2072512095617668
fellow- combatants,side,0.24716916051883245
side,prominent,0.2340548307446558
presence,send,0.024318468868304004
immediately,immediately,0.2493548821478619
lap,suffer,0.24682620205002626
bitter complaints,breaks,0.40012721250237915
thus,magic,0.29964930228374415
towards,vast,0.27382970691986874
indra,gods,0.1805861501150539
continuing,day,0.2493548821478619
suffer,suffer,0.21268902072924492
fighting,many,0.2493548821478619
beheads,back,0.29131258280155936
combat,many,0.2493548821478619
rakshasas,send,0.11966963842222193
killed,violent,0.23346578648315408
also,many,0.2493548821478619
sea,sea,0.30431572125987716
calls,builder,0.16514886204571905
even,burning,0.2352253458164602
many,many,0.2493548821478619
heart,last,0.2493548821478619
woman,suffer,0.3325751416460112
unjust,complaint,0.2493548821478619
chariot,gods,0.4021141224919373
faith,burning,0.2493548821478619
enraged,always,0.5709897948727136
rakshasa,burning,0.22889142356166728
enlightened,breaks,0.2803297700515377
affair,breaks,0.2493548821478619
advice,sea,0.403895918565391
received,necessary,0.4012685522976643
prominent,prominent,0.2493548821478619
jambavan,prominent,0.2493548821478619
weapon,last,0.2493548821478619
